Workbook

Sheet README
A1: APY LTBI health economics decision tree and chart source workbook
A3: Purpose
A4: This workbook is designed to help ground-truth why the APY health-economics model can appear cost-saving and to provide editable Excel-based chart data for the Word report.
A5: It uses the current report's DALY/QALY/ICER strategy summary values and the KWAB150-informed Australian cost assumptions.
A6: Key interpretation | B6: A strategy is cost-saving when active TB disease costs averted exceed testing + treatment + programme costs.
A7: Important caveat | B7: Programme setup/running costs, travel/outreach, community engagement, and false-positive incremental costs are currently set to zero unless supplied.
A8: How to use in Word | B8: Copy charts from the Editable_Charts sheet and paste into Word as linked/embedded Excel charts, not as images.
A9: Source | B9: APY_LTBI_health_economics_report_updated.docx and the APY DALY/QALY/ICER outputs produced by Codex.
A12: Sheets
A13: Inputs_Assumptions | B13: Editable economics assumptions and model constants.
A14: Strategy_Summary | B14: Report-facing strategy results.
A15: Cost_Saving_Check | B15: Formula-driven explanation of why each strategy is cost-saving.
A16: Decision_Tree | B16: Triage-style decision-tree table with probabilities, costs, and health outcomes.
A17: Chart_Data | B17: Clean data for editable Excel charts.
A18: Editable_Charts | B18: Editable Excel charts to paste/link into Word.
A19: README | B19: This guide.

Sheet Inputs_Assumptions
A1: Inputs and assumptions
A3: Cohort size N | B3: 1500
A4: Screening coverage | B4: 0.3
A5: Screened people | B5: =B3*B4 -> 450
A6: Screening window years | B6: 2
A7: Follow-up horizon years | B7: 20
A8: Test type | B8: IGRA
A9: Regimen | B9: 3HP
A10: IGRA test cost (AUD 2019) | B10: 11348
A11: TST test cost (AUD 2019) | B11: 116.07
A12: 3HP course cost (AUD 2019) | B12: 165.5072
A13: 4R course cost (AUD 2019) | B13: 123.3172
A14: Active TB disease cost per case (AUD 2019) | B14: 19079.6
A15: Programme setup cost
A16: Programme running cost
A17: False-positive incremental cost per person
A18: Active TB disability weight | B18: 0.333
A19: Active TB duration years | B19: 0.5
A20: TB case fatality risk (placeholder) | B20: 0.074
A21: Years of life lost per TB death (placeholder) | B21: 20
A22: Healthy/LTBI utility | B22: 0.8733
A23: Active TB utility | B23: 0.8182
A24: SAE utility | B24: 0.8685
A25: LTBI treatment decrement base case | B25: 0
A26: LTBI treatment decrement sensitivity | B26: 0.0133
A27: WTP threshold low (AUD/QALY or DALY) | B27: 45000
A28: WTP threshold high (AUD/QALY or DALY) | B28: 75000
A29: Notes | B29: Yellow-highlighted assumptions require review before publication.

Sheet Strategy_Summary
A1: Strategy | B1: TB cases prevented | C1: Net cost vs baseline | D1: DALYs averted | E1: QALYs gained | F1: Cost per DALY | G1: Cost per QALY | H1: Cost per active TB case | I1: NMB 45k QALY | J1: NMB 75k QALY
A2: Random | B2: 4 | C2: -19956 | D2: 6.586 | E2: 0.11 | F2: -3030 | G2: -181242 | H2: -4989 | I2: 24911 | J2: 28214
A3: LTBI-targeted | B3: 11 | C3: -147721 | D3: 18.111 | E3: 0.303 | F3: -8156 | G3: -487891 | H3: -13429 | I3: 161345 | J3: 170429
A4: Cure-targeted | B4: 11 | C4: -147721 | D4: 18.111 | E4: 0.303 | F4: -8156 | G4: -487891 | H4: -13429 | I4: 161345 | J4: 170429
A5: Prevention-targeted | B5: 12 | C5: -167628 | D5: 19.758 | E5: 0.33 | F5: -8484 | G5: -507465 | H5: -13969 | I5: 182492 | J5: 192402
A7: Interpretation note
A8: Negative ICERs here indicate cost-saving relative to baseline, not that the intervention has no cost. Programme costs are outweighed by active TB disease costs averted under the current assumptions.
A9: Dale et al. was not cost-saving largely because its population, comparator, time horizon, emigration, mortality, and programme cost structure differed substantially.
A10: Current APY outputs exclude programme setup/running and local outreach costs unless supplied.

Sheet Cost_Saving_Check
A1: Why the strategies are cost-saving under current assumptions
A3: Strategy | B3: Cases prevented | C3: TB disease cost averted | D3: Net cost vs baseline | E3: Implied total programme cost | F3: Screened people | G3: Testing cost | H3: Implied treatment/other cost | I3: Implied TPT starts | J3: Break-even TB cases | K3: Cost-saving? | L3: Explanation
A4: Random | B4: =Strategy_Summary!B2 -> 4 | C4: =B4*Inputs_Assumptions!$B$14 -> 76318.4 | D4: =Strategy_Summary!C2 -> -19956 | E4: =C4+D4 -> 56362.4 | F4: =Inputs_Assumptions!$B$5 -> 450 | G4: =F4*Inputs_Assumptions!$B$10 -> 5106600 | H4: =E4-G4 -> -5050237.6 | I4: =IF(Inputs_Assumptions!$B$12>0,H4/Inputs_Assumptions!$B$12,"") -> -30513.703 | J4: =IF(Inputs_Assumptions!$B$14>0,E4/Inputs_Assumptions!$B$14,"") -> 2.9540661 | K4: =IF(D4<0,"Yes","No") -> Yes | L4: =IF(D4<0,"TB costs averted exceed included programme costs","Programme costs exceed TB costs averted") -> TB costs averted exceed included programme costs
A5: LTBI-targeted | B5: =Strategy_Summary!B3 -> 11 | C5: =B5*Inputs_Assumptions!$B$14 -> 209875.6 | D5: =Strategy_Summary!C3 -> -147721 | E5: =C5+D5 -> 62154.6 | F5: =Inputs_Assumptions!$B$5 -> 450 | G5: =F5*Inputs_Assumptions!$B$10 -> 5106600 | H5: =E5-G5 -> -5044445.4 | I5: =IF(Inputs_Assumptions!$B$12>0,H5/Inputs_Assumptions!$B$12,"") -> -30478.707 | J5: =IF(Inputs_Assumptions!$B$14>0,E5/Inputs_Assumptions!$B$14,"") -> 3.2576469 | K5: =IF(D5<0,"Yes","No") -> Yes | L5: =IF(D5<0,"TB costs averted exceed included programme costs","Programme costs exceed TB costs averted") -> TB costs averted exceed included programme costs
A6: Cure-targeted | B6: =Strategy_Summary!B4 -> 11 | C6: =B6*Inputs_Assumptions!$B$14 -> 209875.6 | D6: =Strategy_Summary!C4 -> -147721 | E6: =C6+D6 -> 62154.6 | F6: =Inputs_Assumptions!$B$5 -> 450 | G6: =F6*Inputs_Assumptions!$B$10 -> 5106600 | H6: =E6-G6 -> -5044445.4 | I6: =IF(Inputs_Assumptions!$B$12>0,H6/Inputs_Assumptions!$B$12,"") -> -30478.707 | J6: =IF(Inputs_Assumptions!$B$14>0,E6/Inputs_Assumptions!$B$14,"") -> 3.2576469 | K6: =IF(D6<0,"Yes","No") -> Yes | L6: =IF(D6<0,"TB costs averted exceed included programme costs","Programme costs exceed TB costs averted") -> TB costs averted exceed included programme costs
A7: Prevention-targeted | B7: =Strategy_Summary!B5 -> 12 | C7: =B7*Inputs_Assumptions!$B$14 -> 228955.2 | D7: =Strategy_Summary!C5 -> -167628 | E7: =C7+D7 -> 61327.2 | F7: =Inputs_Assumptions!$B$5 -> 450 | G7: =F7*Inputs_Assumptions!$B$10 -> 5106600 | H7: =E7-G7 -> -5045272.8 | I7: =IF(Inputs_Assumptions!$B$12>0,H7/Inputs_Assumptions!$B$12,"") -> -30483.706 | J7: =IF(Inputs_Assumptions!$B$14>0,E7/Inputs_Assumptions!$B$14,"") -> 3.2142812 | K7: =IF(D7<0,"Yes","No") -> Yes | L7: =IF(D7<0,"TB costs averted exceed included programme costs","Programme costs exceed TB costs averted") -> TB costs averted exceed included programme costs

Sheet Decision_Tree
A1: Triage-style outcomes / decision tree with costs and utilities
A3: Stage | B3: Node / branch | C3: Formula / source | D3: Random | E3: LTBI-targeted | F3: Cure-targeted | G3: Prevention-targeted | H3: Notes
A4: Population | B4: Eligible cohort | C4: N | D4: =Inputs_Assumptions!$B$3 -> 1500 | E4: =Inputs_Assumptions!$B$3 -> 1500 | F4: =Inputs_Assumptions!$B$3 -> 1500 | G4: =Inputs_Assumptions!$B$3 -> 1500 | H4: Closed APY cohort in model.
A5: Screening | B5: Screened | C5: N × screening coverage | D5: =Inputs_Assumptions!$B$5 -> 450 | E5: =Inputs_Assumptions!$B$5 -> 450 | F5: =Inputs_Assumptions!$B$5 -> 450 | G5: =Inputs_Assumptions!$B$5 -> 450 | H5: All strategies shown at 30% coverage.
A6: Screening | B6: Not screened | C6: N - screened | D6: =D4-D5 -> 1050 | E6: =E4-E5 -> 1050 | F6: =F4-F5 -> 1050 | G6: =G4-G5 -> 1050
A7: Costs | B7: Testing cost | C7: screened × IGRA cost | D7: =D5*Inputs_Assumptions!$B$10 -> 5106600 | E7: =E5*Inputs_Assumptions!$B$10 -> 5106600 | F7: =F5*Inputs_Assumptions!$B$10 -> 5106600 | G7: =G5*Inputs_Assumptions!$B$10 -> 5106600 | H7: Edit test costs on Inputs sheet.
A8: Treatment | B8: Implied TPT starts | C8: derived from treatment/other cost ÷ 3HP cost | D8: =Cost_Saving_Check!I4 -> -30513.703 | E8: =Cost_Saving_Check!I5 -> -30478.707 | F8: =Cost_Saving_Check!I6 -> -30478.707 | G8: =Cost_Saving_Check!I7 -> -30483.706 | H8: Derived because detailed starts are not in the Word summary table.
A9: Treatment | B9: TPT start probability among screened | C9: starts / screened | D9: =D8/D5 -> -67.80823 | E9: =E8/E5 -> -67.730459 | F9: =F8/F5 -> -67.730459 | G9: =G8/G5 -> -67.741569 | H9: Use actual model starts if available.
A10: Costs | B10: Treatment/other cost | C10: programme cost - testing cost | D10: =Cost_Saving_Check!H4 -> -5050237.6 | E10: =Cost_Saving_Check!H5 -> -5044445.4 | F10: =Cost_Saving_Check!H6 -> -5044445.4 | G10: =Cost_Saving_Check!H7 -> -5045272.8 | H10: Includes implied TPT costs under current assumptions.
A11: Health outcomes | B11: Active TB cases prevented | C11: from strategy summary | D11: =Strategy_Summary!B2 -> 4 | E11: =Strategy_Summary!B3 -> 11 | F11: =Strategy_Summary!B4 -> 11 | G11: =Strategy_Summary!B5 -> 12
A12: Health outcomes | B12: DALYs averted | C12: from strategy summary | D12: =Strategy_Summary!D2 -> 6.586 | E12: =Strategy_Summary!D3 -> 18.111 | F12: =Strategy_Summary!D4 -> 18.111 | G12: =Strategy_Summary!D5 -> 19.758
A13: Health outcomes | B13: QALYs gained | C13: from strategy summary | D13: =Strategy_Summary!E2 -> 0.11 | E13: =Strategy_Summary!E3 -> 0.303 | F13: =Strategy_Summary!E4 -> 0.303 | G13: =Strategy_Summary!E5 -> 0.33
A14: Costs | B14: TB disease costs averted | C14: cases prevented × active TB cost | D14: =D11*Inputs_Assumptions!$B$14 -> 76318.4 | E14: =E11*Inputs_Assumptions!$B$14 -> 209875.6 | F14: =F11*Inputs_Assumptions!$B$14 -> 209875.6 | G14: =G11*Inputs_Assumptions!$B$14 -> 228955.2
A15: Costs | B15: Included programme cost | C15: testing + treatment/other + setup/running | D15: =D7+D10+Inputs_Assumptions!$B$15+Inputs_Assumptions!$B$16 -> 56362.4 | E15: =E7+E10+Inputs_Assumptions!$B$15+Inputs_Assumptions!$B$16 -> 62154.6 | F15: =F7+F10+Inputs_Assumptions!$B$15+Inputs_Assumptions!$B$16 -> 62154.6 | G15: =G7+G10+Inputs_Assumptions!$B$15+Inputs_Assumptions!$B$16 -> 61327.2
A16: Costs | B16: Net cost vs baseline | C16: programme cost - TB costs averted | D16: =D15-D14 -> -19956 | E16: =E15-E14 -> -147721 | F16: =F15-F14 -> -147721 | G16: =G15-G14 -> -167628 | H16: Negative = cost-saving under current included costs.
A17: Threshold | B17: Break-even TB cases | C17: programme cost ÷ active TB case cost | D17: =D15/Inputs_Assumptions!$B$14 -> 2.9540661 | E17: =E15/Inputs_Assumptions!$B$14 -> 3.2576469 | F17: =F15/Inputs_Assumptions!$B$14 -> 3.2576469 | G17: =G15/Inputs_Assumptions!$B$14 -> 3.2142812 | H17: Actual cases prevented exceed this under current assumptions.
A18: ICER | B18: Cost per DALY | C18: net cost ÷ DALYs | D18: =D16/D12 -> -3030.0638 | E18: =E16/E12 -> -8156.4243 | F18: =F16/F12 -> -8156.4243 | G18: =G16/G12 -> -8484.0571
A19: ICER | B19: Cost per QALY | C19: net cost ÷ QALYs | D19: =D16/D13 -> -181418.18 | E19: =E16/E13 -> -487528.05 | F19: =F16/F13 -> -487528.05 | G19: =G16/G13 -> -507963.64

Sheet Chart_Data
A1: Strategy | B1: TB cases prevented | C1: Net cost vs baseline | D1: DALYs averted | E1: QALYs gained | F1: Cost per DALY averted | G1: Cost per QALY gained | H1: Cost per active TB case prevented | I1: NMB 45k QALY | J1: NMB 75k QALY | K1: Included programme cost | L1: TB disease costs averted | M1: Break-even TB cases | N1: Actual minus break-even
A2: Random | B2: 4 | C2: -19956 | D2: 6.586 | E2: 0.11 | F2: -3030 | G2: -181242 | H2: -4989 | I2: 24911 | J2: 28214 | K2: 56362 | L2: 76318.4 | M2: 2.95 | N2: 1.05
A3: LTBI-targeted | B3: 11 | C3: -147721 | D3: 18.111 | E3: 0.303 | F3: -8156 | G3: -487891 | H3: -13429 | I3: 161345 | J3: 170429 | K3: 62155 | L3: 209875.6 | M3: 3.26 | N3: 7.74
A4: Cure-targeted | B4: 11 | C4: -147721 | D4: 18.111 | E4: 0.303 | F4: -8156 | G4: -487891 | H4: -13429 | I4: 161345 | J4: 170429 | K4: 62155 | L4: 209875.6 | M4: 3.26 | N4: 7.74
A5: Prevention-targeted | B5: 12 | C5: -167628 | D5: 19.758 | E5: 0.33 | F5: -8484 | G5: -507465 | H5: -13969 | I5: 182492 | J5: 192402 | K5: 61327 | L5: 228955.2 | M5: 3.21 | N5: 8.79
A8: Sensitivity assumption | B8: Strategy | C8: DALYs averted | D8: QALYs gained | E8: Net cost vs baseline | F8: Cost per DALY | G8: Cost per QALY | H8: Interpretation
A9: Base case | B9: Prevention-targeted | C9: 19.758 | D9: 0.33 | E9: -167628 | F9: -8484 | G9: -507465 | H9: Dominant under current included costs
A10: LTBI treatment decrement = 0.0133 | B10: Prevention-targeted | C10: 19.758 | E10: -167628 | F10: -8484 | H10: QALYs reduced; review treatment-disutility assumption
A11: YLD-only DALY | B11: Prevention-targeted | C11: 1.998 | D11: 0.33 | E11: -167628 | F11: -83900 | G11: -507465 | H11: DALYs much smaller when YLL excluded
A12: Conservative YLL | B12: Prevention-targeted | C12: 9.102 | D12: 0.33 | E12: -167628 | F12: -18416 | G12: -507465 | H12: Still cost-saving under current costs
A13: High YLL | B13: Prevention-targeted | C13: 30.414 | D13: 0.33 | E13: -167628 | F13: -5512 | G13: -507465 | H13: Larger health gain
A14: Lower TB CFR | B14: Prevention-targeted | C14: 10.878 | D14: 0.33 | E14: -167628 | F14: -15410 | G14: -507465 | H14: Smaller health gain
A15: Higher TB CFR | B15: Prevention-targeted | C15: 28.638 | D15: 0.33 | E15: -167628 | F15: -5853 | G15: -507465 | H15: Larger health gain
A17: Notes
A18: The chart data table is now populated. Charts on the Editable_Charts sheet are native Excel charts linked to this sheet.
A19: Negative ICERs/costs indicate cost-saving under current included costs; interpret cautiously because programme setup/running, outreach, travel, and false-positive incremental costs are not yet supplied.
A20: DALYs are much larger than QALYs because DALYs include YLL from TB deaths prevented; QALYs here only reflect morbidity/utility loss averted from active TB minus treatment/SAE disutility.
A21: Sensitivity rows are illustrative here unless exact sensitivity values are regenerated from the CSV outputs in the repo.

Sheet Editable_Charts
A1: Editable Excel charts — linked to Chart_Data sheet
A2: Copy these charts into Word using Paste Special → Microsoft Excel Chart Object. They are not images; they retain editable chart data in Excel.
A3: Instructions: These are native Excel charts based on the Chart_Data sheet. In Word, use Paste Special > Paste Link > Microsoft Excel Chart Object to keep them editable and data-linked.
A62: Note: Figures are native Excel charts and should be editable. Use Chart_Data to update data/labels.
